"dow","count","service_product"
0,36198,"debit"
0,34059,"topup"
0,24038,"credit"
0,15634,"debit_rev"
0,15480,"manualtopup"
0,13761,"fee"
0,11272,"dvcashin"
0,10693,"credit_rev"
0,10176,"commission"
0,6691,"transferin"
0,5092,"transferout"
0,2346,"topupfee"
0,2315,"TRUE"
0,2315,"AIS"
0,2315,"TMNTOPUP"
0,2258,"DTAC"
0,2151,"KBANKDEPOSIT"
0,2021,"SCBDEPOSIT"
0,1972,"KTBDEPOSIT"
0,1760,"AISPROSERM"
0,1394,"TRUEPROSERM"
0,1366,"DTACPROSERM"
0,1358,"MYCAT"
0,1300,"GSBDEPOSIT"
0,1283,"payrolltopup"
0,1229,"PEA"
0,1145,"BAACDEPOSIT"
0,1088,"GSBDEPOSITONLINE"
0,959,"TMNEPIN"
0,934,"M-150 น้ำผึ้ง 150 มล."
0,808,"dvcashin_rev"
0,666,"BAYDEPOSIT"
0,612,"APLAY"
0,607,"น้ำดื่ม อุลตร้าแมน ขนาด 500ml."
0,572,"โค้ก-สลิม"
0,563,"เป๊ปซี่ สลิม 245 มล."
0,559,"คาราบาวแดง"
0,517,"AIRPAYWALLET"
0,357,"น้ำแร่ อุลตร้าแมน ขนาด 500 มล."
0,350,"บิ๊กกรีนที น้ำผึ้งผสมมะนาว"
0,335,"เมจิกฟาร์ม มะพร้าว"
0,329,"เนสกาแฟ เอสเปรสโซ"
0,306,"เอ็ม-150"
0,299,"เอส เพลย์ เกรปเบอร์รี่ 250 มล."
0,291,"3BBONLINE"
0,287,"ชเวปส์"
0,284,"เอส-โคล่า"
0,281,"AISBILL"
0,277,"เนสกาแฟ ลาเต้"
0,274,"บิ๊กกรีนที"
0,274,"TRUEONLINE"
0,264,"เครื่องดื่มเจลลี่รสสตรอเบอร์รี่6.11"
0,256,"เอส เพลย์ ครีมโซดา"
0,253,"แฟนต้า แดง 245 มล."
0,241,"UFC- เฉาก๊วย"
0,241,"DTACPOSTPAIDONLINE"
0,240,"เบอร์ดี้โรบัสต้า 180 มล."
0,231,"โวลต์ กาแฟอีนและซิงค์ 215 มล."
0,219,"สิงห์ เลมอนโซดา 330 มล."
0,218,"บิ๊กโคล่า-น้ำดำ"
0,214,"RABBITLINEPAY"
0,210,"เอส เพลย์ สตรอเบอร์รี่ 250 มล. (กระป๋อง)"
0,208,"TRUEPOSTPAID"
0,204,"ซีวิท-ออเร้นจ์"
0,195,"611 น้ำเกลือแร่(Six.Eleven)"
0,180,"PWA"
0,169,"เทสโต แผ่นหยัก ปูผัดผงกระหรี่"
0,164,"ซีวิท-เลมอน"
0,161,"SBMTOPUPWALLET"
0,154,"สแน็คแจ๊ค"
0,149,"คอนเน่"
0,148,"น้ำดื่มเวนดิ้งพลัส อัลคาไลน์วอเตอร์"
0,147,"โค้ก-ซีโร่ 245ml. (1x12)"
0,146,"ปาร์ตี้ คาราเมล"
0,143,"611 น้ำวิตามินซี (Six.Eleven)"
0,142,"TRUECONVERGENCE"
0,138,"เทสโต แผ่นเรียบ รสสาหร่ายญี่ปุ่น 52 กรัม"
0,137,"ฮานามิ"
0,135,"ปาปริก้า"
0,131,"เลย์ รสเอ๊กซ์ตร้า บาร์บีคิว"
0,128,"มาม่า คัพ ต้มยำกุ้ง"
0,127,"เบอร์ดี้เอสเปรสโซ"
0,125,"มาม่า คัพ ต้มยำกุ้งน้ำข้น 60 กรัม"
0,124,"เลย์ รสโนริสาหร่าย"
0,123,"เลย์ รสมันฝรั่งแท้ออริจินัลแผ่นหยัก"
0,113,"มาม่า คัพ หมูสับ"
0,111,"นิสชิน พรีเมี่ยมคัพ รสไก่เผ็ดเกาหลี"
0,110,"เครื่องดื่มกัญชง ตรา คามูซี"
0,95,"โฟร์โมสต์ นมยูเอชที รสช็อกโกแลต 225 มล."
0,89,"โดโซะรสคอร์นชีส 56g (10ชิ้น)"
0,85,"PENGUIN"
0,83,"อิชิตัน เย็นเย็น จับเลี้ยง 275ml."
0,78,"นมถั่วเหลืองแลตตาซอย รสหวาน250มล."
0,74,"เจเล่ บิวตี้ วิตามิน เอ.ซี.อี. 150 กรัม"
0,73,"เจเล่ บิวตี้ แบล็คเคอเรนท์ 150 กรัม"
0,72,"โดโซะรสกลมกล่อม 56g (10ชิ้น)"
0,69,"นมไวตามิ้ลค์ กล่องรสงาดำ"
0,67,"โฟร์โมสต์ยูเอที225มล.รสหวาน"
0,66,"ลิปตัน ไอซ์ที"
0,65,"611 เอ็มจอย 300ml. องุ่น"
0,63,"ยูนิฟ น้ำผักผสมผลไม้รวม แครอทม่วง"
0,61,"นมไวตามิ้ลค์ กล่องสูตรออริจินอล 300 มล."
0,55,"611 เอ็มจอย300ml ลิ้นจี่"
0,55,"manualcredit"
0,53,"ยูนิฟ น้ำผักผสมผลไม้รวมผักใบเขียว"
0,50,"โฟร์โมสต์ นมยูเอชที รสจืด 225 มล."
0,50,"เขาช่อง ถั่วลิสงอบเกลือ 42 กรัม"
0,46,"พริงเกิลส์-ดั้งเดิม"
0,46,"พริงเกิลส์-ซาวครีม"
0,45,"โฟร์โมสต์ โอเมก้าโยเกิร์ต รสผลไม้"
0,44,"ยันฮี วิตามิน วอเตอร์ ไครแซนเทมั่ม"
0,42,"GETFRIEND"
0,36,"น้ำแร่มองต์เฟลอ"
0,36,"โฟร์โมสต์ โอเมก้าโยเกิร์ต รสส้ม"
0,35,"ลูกอมรสมะนาวผสมเกลือหิมาลัย"
0,33,"เบอร์ดี้แบล็ค น้ำตาลน้อย 180 ml."
0,31,"โคอะล่ามาร์ช-ช๊อกโกแล็ต"
0,30,"โค้ก (ขวด)"
0,29,"โคอะล่ามาร์ช-สตรอเบอร์รี"
0,23,"เขาช่อง ถั่วลิสงเคลือบรสกาแฟ 30 กรัม"
0,22,"ลูกอมฮอล์น้ำผึ้ง(แผง)"
0,22,"ทาโร่โรล 2ม. รสเข้มข้น"
0,21,"TMHMOBILE"
0,21,"เป๊ปซี่ แมกซ์ 245 มล."
0,20,"AISFIBRE"
0,18,"หน้ากากทางการแพทย์ ดั๊บเบิ้ล เอ"
0,17,"น้ำดื่มดราก้อน 6.11"
0,17,"TRIPLETBB"
0,16,"ถุงยางอนามัยวันทัช สตรอเบอรี่"
0,16,"มาม่า คัพ-โจ๊กไก่"
0,15,"เอส PET 490มล."
0,13,"xferout"
0,13,"xferin"
0,12,"มิลค์โก้ (ซอง) รสหวาน"
0,12,"น้ำดื่มเอสเทอร์บันนี่ 300 มล."
0,11,"ทาโร่โรล 2ม. รสบาร์บีคิว"
0,10,"หน้ากาก Triple Mask สีดำแบบมีสายคล้อง"
0,10,"ยูนิฟ-แครอทม่วง(กระป๋อง)"
0,10,"หน้ากากสายคล้องคอสีชมพู Mask Drop"
0,8,"ผลิตภัณฑ์นมจืด ตรา ว้าวว"
0,7,"611 HONEY LYCHEE 320ml (ลิ้นจี่)"
0,7,"MEA"
0,6,"มิรินด้า รสส้ม 245ml."
0,5,"เครื่องดื่ม น้ำกัญชา แบบอัดลม"
0,4,"BAACLOTTO"
0,4,"manualdebit"
0,4,"หน้ากากซาบีน่าเด็กแบบมีสายคล้อง สีขาว"
0,4,"โซฟีคูลลิ่งเฟรชกลางคืน 29ซม.5ชิ้น"
0,4,"ชุดตรวจ Singclean ATK"
0,4,"น้ำแร่ โดเรม่อน 500ml."
0,4,"โซฟีคูลลิ่งสลิมมีปีก 23ซม.4ชิ้น"
0,4,"SBMDIPCHIP"
0,3,"BBLKYCDIPCHIP"
0,3,"นมไวตามิ้ลค์ขวดสูตรออริจินอล (ทูโก)"
0,2,"น้ำด่าง PH+8.5  (Alkaline)"
0,1,"STEAMWALLET"
0,1,"manualtopup_rev"
0,1,"ชาฮิโรฉะ น้ำผึ้งมะนาว ขนาด 250ml."
1,34932,"debit"
1,27543,"topup"
1,23720,"credit"
1,10335,"transferin"
1,10166,"transferout"
1,8787,"fee"
1,6024,"topupfee"
1,3991,"debit_rev"
1,3951,"manualtopup"
1,2047,"AIS"
1,2032,"DTAC"
1,2027,"TRUE"
1,2010,"TMNTOPUP"
1,1840,"KBANKDEPOSIT"
1,1725,"KTBDEPOSIT"
1,1701,"M-150 น้ำผึ้ง 150 มล."
1,1628,"AISPROSERM"
1,1501,"SCBDEPOSIT"
1,1336,"dvcashin"
1,1216,"TRUEPROSERM"
1,1187,"DTACPROSERM"
1,1184,"คาราบาวแดง"
1,1175,"MYCAT"
1,1139,"PEA"
1,972,"โค้ก-สลิม"
1,962,"เป๊ปซี่ สลิม 245 มล."
1,956,"บิ๊กกรีนที น้ำผึ้งผสมมะนาว"
1,915,"น้ำแร่ อุลตร้าแมน ขนาด 500 มล."
1,906,"GSBDEPOSIT"
1,882,"AIRPAYWALLET"
1,857,"น้ำดื่ม อุลตร้าแมน ขนาด 500ml."
1,843,"payrolltopup"
1,840,"GSBDEPOSITONLINE"
1,774,"เมจิกฟาร์ม มะพร้าว"
1,673,"APLAY"
1,657,"เนสกาแฟ ลาเต้"
1,653,"BAACDEPOSIT"
1,631,"เนสกาแฟ เอสเปรสโซ"
1,609,"TMNEPIN"
1,552,"BAYDEPOSIT"
1,551,"บิ๊กกรีนที"
1,547,"เครื่องดื่มเจลลี่รสสตรอเบอร์รี่6.11"
1,525,"ชเวปส์"
1,500,"เอ็ม-150"
1,486,"เอส-โคล่า"
1,479,"สิงห์ เลมอนโซดา 330 มล."
1,477,"เอส เพลย์ เกรปเบอร์รี่ 250 มล."
1,476,"เอส เพลย์ ครีมโซดา"
1,448,"แฟนต้า แดง 245 มล."
1,444,"dvcashin_rev"
1,438,"UFC- เฉาก๊วย"
1,419,"เบอร์ดี้โรบัสต้า 180 มล."
1,388,"โวลต์ กาแฟอีนและซิงค์ 215 มล."
1,373,"AISBILL"
1,357,"topup_rev"
1,349,"3BBONLINE"
1,334,"บิ๊กโคล่า-น้ำดำ"
1,327,"เอส เพลย์ สตรอเบอร์รี่ 250 มล. (กระป๋อง)"
1,325,"น้ำดื่มเวนดิ้งพลัส อัลคาไลน์วอเตอร์"
1,308,"ซีวิท-ออเร้นจ์"
1,301,"611 น้ำเกลือแร่(Six.Eleven)"
1,300,"611 น้ำวิตามินซี (Six.Eleven)"
1,267,"611 เอ็มจอย300ml ลิ้นจี่"
1,259,"ปาปริก้า"
1,248,"TRIPLETBB"
1,247,"ซีวิท-เลมอน"
1,240,"เทสโต แผ่นหยัก ปูผัดผงกระหรี่"
1,237,"manualcredit"
1,234,"โค้ก-ซีโร่ 245ml. (1x12)"
1,231,"ฮานามิ"
1,230,"มาม่า คัพ ต้มยำกุ้ง"
1,217,"สแน็คแจ๊ค"
1,210,"611 เอ็มจอย 300ml. องุ่น"
1,210,"เทสโต แผ่นเรียบ รสสาหร่ายญี่ปุ่น 52 กรัม"
1,207,"TRUEPOSTPAID"
1,201,"อิชิตัน เย็นเย็น จับเลี้ยง 275ml."
1,199,"คอนเน่"
1,196,"ปาร์ตี้ คาราเมล"
1,195,"มาม่า คัพ ต้มยำกุ้งน้ำข้น 60 กรัม"
1,193,"เบอร์ดี้เอสเปรสโซ"
1,184,"เลย์ รสมันฝรั่งแท้ออริจินัลแผ่นหยัก"
1,184,"มาม่า คัพ หมูสับ"
1,178,"เครื่องดื่มกัญชง ตรา คามูซี"
1,177,"โดโซะรสคอร์นชีส 56g (10ชิ้น)"
1,172,"DTACPOSTPAIDONLINE"
1,164,"นิสชิน พรีเมี่ยมคัพ รสไก่เผ็ดเกาหลี"
1,158,"เลย์ รสโนริสาหร่าย"
1,156,"SBMTOPUPWALLET"
1,150,"ลิปตัน ไอซ์ที"
1,150,"เลย์ รสเอ๊กซ์ตร้า บาร์บีคิว"
1,150,"โดโซะรสกลมกล่อม 56g (10ชิ้น)"
1,138,"พริงเกิลส์-ซาวครีม"
1,126,"โคอะล่ามาร์ช-ช๊อกโกแล็ต"
1,120,"เจเล่ บิวตี้ วิตามิน เอ.ซี.อี. 150 กรัม"
1,115,"เจเล่ บิวตี้ แบล็คเคอเรนท์ 150 กรัม"
1,115,"พริงเกิลส์-ดั้งเดิม"
1,112,"โฟร์โมสต์ นมยูเอชที รสช็อกโกแลต 225 มล."
1,107,"โค้ก (ขวด)"
1,107,"นมไวตามิ้ลค์ กล่องสูตรออริจินอล 300 มล."
1,106,"SBMDIPCHIP"
1,104,"BBLKYCDIPCHIP"
1,104,"นมถั่วเหลืองแลตตาซอย รสหวาน250มล."
1,103,"โฟร์โมสต์ยูเอที225มล.รสหวาน"
1,99,"ยูนิฟ น้ำผักผสมผลไม้รวมผักใบเขียว"
1,99,"โฟร์โมสต์ นมยูเอชที รสจืด 225 มล."
1,99,"ลูกอมรสมะนาวผสมเกลือหิมาลัย"
1,94,"เป๊ปซี่ แมกซ์ 245 มล."
1,91,"โคอะล่ามาร์ช-สตรอเบอร์รี"
1,89,"TRUECONVERGENCE"
1,87,"ยูนิฟ น้ำผักผสมผลไม้รวม แครอทม่วง"
1,84,"RABBITLINEPAY"
1,83,"TRUEONLINE"
1,81,"ทาโร่โรล 2ม. รสเข้มข้น"
1,78,"เขาช่อง ถั่วลิสงอบเกลือ 42 กรัม"
1,78,"ลูกอมฮอล์น้ำผึ้ง(แผง)"
1,74,"MEA"
1,74,"นมไวตามิ้ลค์ กล่องรสงาดำ"
1,71,"โฟร์โมสต์ โอเมก้าโยเกิร์ต รสผลไม้"
1,63,"โฟร์โมสต์ โอเมก้าโยเกิร์ต รสส้ม"
1,57,"เขาช่อง ถั่วลิสงเคลือบรสกาแฟ 30 กรัม"
1,57,"PENGUIN"
1,56,"น้ำแร่มองต์เฟลอ"
1,54,"ยูนิฟ-แครอทม่วง(กระป๋อง)"
1,52,"MISTINE"
1,49,"611 HONEY LYCHEE 320ml (ลิ้นจี่)"
1,43,"ทาโร่โรล 2ม. รสบาร์บีคิว"
1,38,"GETFRIEND"
1,34,"เบอร์ดี้แบล็ค น้ำตาลน้อย 180 ml."
1,32,"RABBITCARD-TOPUP"
1,32,"ยันฮี วิตามิน วอเตอร์ ไครแซนเทมั่ม"
1,32,"TMHMOBILE"
1,30,"ผลิตภัณฑ์นมจืด ตรา ว้าวว"
1,30,"RABBITCARD-SALE"
1,30,"RABBITCARD-REGISTER"
1,26,"STEAMWALLET"
1,22,"ชาฮิโรฉะ น้ำผึ้งมะนาว ขนาด 250ml."
1,21,"PWA"
1,20,"มิลค์โก้ (ซอง) รสหวาน"
1,17,"นมไวตามิ้ลค์ขวดสูตรออริจินอล (ทูโก)"
1,15,"xferout"
1,15,"xferin"
1,12,"น้ำดื่มดราก้อน 6.11"
1,12,"MPAYWALLET"
1,10,"เอส PET 490มล."
1,7,"เครื่องดื่ม น้ำกัญชา แบบอัดลม"
1,6,"ชาฮิโรฉะ ไอซ์ทีเลมอน ขนาด 250ml."
1,5,"credit_rev"
1,4,"TOLCVG"
1,4,"CIMBDEPOSIT"
1,4,"AISFIBRE"
1,3,"BAACLOTTO"
1,3,"น้ำดื่มเอสเทอร์บันนี่ 300 มล."
1,3,"หน้ากากทางการแพทย์ ดั๊บเบิ้ล เอ"
1,2,"SABUYWASH"
1,2,"น้ำด่าง PH+8.5  (Alkaline)"
1,2,"ลูกอมฮอล์ลเมนโท(แผง)"
1,2,"หน้ากาก Triple Mask สีน้ำเงิน มีสายคล้อง"
1,2,"อิชิตัน กรีนที น้ำผึ้งผสมมะนาว 275 มล."
1,1,"เอ็ม-150 กระชายดำน้ำผึ้ง"
1,1,"PAYMENT"
1,1,"manualtopup_rev"
1,1,"MPAYMEA"
1,1,NULL
2,42550,"debit"
2,33012,"credit"
2,32676,"topup"
2,13950,"transferin"
2,13575,"fee"
2,12793,"transferout"
2,8245,"debit_rev"
2,7289,"topupfee"
2,2363,"AIS"
2,2336,"TRUE"
2,2324,"DTAC"
2,2261,"TMNTOPUP"
2,1991,"payrolltopup"
2,1815,"AISPROSERM"
2,1812,"KBANKDEPOSIT"
2,1723,"DTACPROSERM"
2,1703,"SCBDEPOSIT"
2,1609,"KTBDEPOSIT"
2,1602,"dvcashin"
2,1238,"MYCAT"
2,1095,"M-150 น้ำผึ้ง 150 มล."
2,1060,"GSBDEPOSIT"
2,994,"dvcashin_rev"
2,938,"TRUEPROSERM"
2,910,"คาราบาวแดง"
2,901,"GSBDEPOSITONLINE"
2,901,"PEA"
2,845,"BAACDEPOSIT"
2,811,"AIRPAYWALLET"
2,810,"น้ำดื่ม อุลตร้าแมน ขนาด 500ml."
2,798,"TMNEPIN"
2,772,"เป๊ปซี่ สลิม 245 มล."
2,676,"โค้ก-สลิม"
2,633,"AISBILL"
2,587,"บิ๊กกรีนที น้ำผึ้งผสมมะนาว"
2,564,"เมจิกฟาร์ม มะพร้าว"
2,532,"APLAY"
2,531,"น้ำแร่ อุลตร้าแมน ขนาด 500 มล."
2,511,"บิ๊กกรีนที"
2,508,"manualtopup"
2,504,"เอ็ม-150"
2,498,"เบอร์ดี้โรบัสต้า 180 มล."
2,464,"BAYDEPOSIT"
2,442,"เนสกาแฟ เอสเปรสโซ"
2,441,"เนสกาแฟ ลาเต้"
2,425,"RABBITLINEPAY"
2,396,"UFC- เฉาก๊วย"
2,393,"เอส-โคล่า"
2,377,"ชเวปส์"
2,377,"เอส เพลย์ ครีมโซดา"
2,376,"เอส เพลย์ เกรปเบอร์รี่ 250 มล."
2,372,"เครื่องดื่มเจลลี่รสสตรอเบอร์รี่6.11"
2,344,"แฟนต้า แดง 245 มล."
2,321,"โวลต์ กาแฟอีนและซิงค์ 215 มล."
2,315,"เอส เพลย์ สตรอเบอร์รี่ 250 มล. (กระป๋อง)"
2,314,"ซีวิท-ออเร้นจ์"
2,311,"บิ๊กโคล่า-น้ำดำ"
2,307,"สิงห์ เลมอนโซดา 330 มล."
2,299,"611 น้ำวิตามินซี (Six.Eleven)"
2,295,"xferin"
2,295,"xferout"
2,283,"611 น้ำเกลือแร่(Six.Eleven)"
2,271,"DTACPOSTPAIDONLINE"
2,254,"ซีวิท-เลมอน"
2,238,"TRUEPOSTPAID"
2,221,"611 เอ็มจอย 300ml. องุ่น"
2,218,"SBMTOPUPWALLET"
2,212,"611 เอ็มจอย300ml ลิ้นจี่"
2,204,"โค้ก-ซีโร่ 245ml. (1x12)"
2,189,"PWA"
2,178,"ฮานามิ"
2,176,"ลิปตัน ไอซ์ที"
2,174,"น้ำดื่มเวนดิ้งพลัส อัลคาไลน์วอเตอร์"
2,167,"เครื่องดื่มกัญชง ตรา คามูซี"
2,167,"เทสโต แผ่นหยัก ปูผัดผงกระหรี่"
2,158,"สแน็คแจ๊ค"
2,157,"ปาร์ตี้ คาราเมล"
2,154,"3BBONLINE"
2,151,"ปาปริก้า"
2,146,"เบอร์ดี้เอสเปรสโซ"
2,143,"คอนเน่"
2,137,"เทสโต แผ่นเรียบ รสสาหร่ายญี่ปุ่น 52 กรัม"
2,136,"มาม่า คัพ ต้มยำกุ้ง"
2,127,"โดโซะรสคอร์นชีส 56g (10ชิ้น)"
2,122,"มาม่า คัพ หมูสับ"
2,118,"มาม่า คัพ ต้มยำกุ้งน้ำข้น 60 กรัม"
2,116,"เลย์ รสมันฝรั่งแท้ออริจินัลแผ่นหยัก"
2,112,"GETFRIEND"
2,106,"TMHMOBILE"
2,104,"เลย์ รสเอ๊กซ์ตร้า บาร์บีคิว"
2,102,"พริงเกิลส์-ซาวครีม"
2,102,"credit_rev"
2,102,"พริงเกิลส์-ดั้งเดิม"
2,101,"อิชิตัน เย็นเย็น จับเลี้ยง 275ml."
2,98,"นิสชิน พรีเมี่ยมคัพ รสไก่เผ็ดเกาหลี"
2,97,"TOLCVG"
2,95,"ลูกอมรสมะนาวผสมเกลือหิมาลัย"
2,76,"โดโซะรสกลมกล่อม 56g (10ชิ้น)"
2,76,"CIMBDEPOSIT"
2,75,"ลูกอมฮอล์น้ำผึ้ง(แผง)"
2,75,"เป๊ปซี่ แมกซ์ 245 มล."
2,75,"เขาช่อง ถั่วลิสงอบเกลือ 42 กรัม"
2,75,"manualcredit"
2,71,"เลย์ รสโนริสาหร่าย"
2,69,"BBLKYCDIPCHIP"
2,69,"โคอะล่ามาร์ช-ช๊อกโกแล็ต"
2,69,"โคอะล่ามาร์ช-สตรอเบอร์รี"
2,64,"ทาโร่โรล 2ม. รสเข้มข้น"
2,63,"หน้ากากทางการแพทย์ ดั๊บเบิ้ล เอ"
2,63,"SBMDIPCHIP"
2,60,"TRUEONLINE"
2,58,"น้ำแร่มองต์เฟลอ"
2,52,"MEA"
2,51,"โค้ก (ขวด)"
2,48,"เขาช่อง ถั่วลิสงเคลือบรสกาแฟ 30 กรัม"
2,46,"TRIPLETBB"
2,39,"มิลค์โก้ (ซอง) รสหวาน"
2,37,"เจเล่ บิวตี้ แบล็คเคอเรนท์ 150 กรัม"
2,36,"611 HONEY LYCHEE 320ml (ลิ้นจี่)"
2,35,"โฟร์โมสต์ นมยูเอชที รสจืด 225 มล."
2,35,"นมไวตามิ้ลค์ กล่องสูตรออริจินอล 300 มล."
2,35,"เจเล่ บิวตี้ วิตามิน เอ.ซี.อี. 150 กรัม"
2,34,"MISTINE"
2,34,"โฟร์โมสต์ นมยูเอชที รสช็อกโกแลต 225 มล."
2,34,"FOODCOURT_TOPUP"
2,33,"ทาโร่โรล 2ม. รสบาร์บีคิว"
2,30,NULL
2,30,"โฟร์โมสต์ยูเอที225มล.รสหวาน"
2,29,"ยูนิฟ น้ำผักผสมผลไม้รวมผักใบเขียว"
2,28,"RABBITCARD-TOPUP"
2,27,"หน้ากากผ้าสีดำ+สายคล้องสีแดง N Lux"
2,26,"ถุงยางอนามัยวันทัช สตรอเบอรี่"
2,25,"ยูนิฟ น้ำผักผสมผลไม้รวม แครอทม่วง"
2,25,"นมถั่วเหลืองแลตตาซอย รสหวาน250มล."
2,23,"โฟร์โมสต์ โอเมก้าโยเกิร์ต รสส้ม"
2,22,"หน้ากาก Triple Mask สีน้ำเงิน มีสายคล้อง"
2,22,"โฟร์โมสต์ โอเมก้าโยเกิร์ต รสผลไม้"
2,22,"PENGUIN"
2,21,"ยูนิฟ-แครอทม่วง(กระป๋อง)"
2,18,"หน้ากากดั๊บเบิ้ลเอ 3D"
2,18,"หน้ากากผ้า N Lux"
2,18,"โซฟีคูลลิ่งสลิมมีปีก 23ซม.4ชิ้น"
2,18,"ชุดตรวจ Singclean ATK"
2,18,"หน้ากากสายคล้องคอสีน้ำตาล Mask Drop"
2,17,"RABBITCARD-REGISTER"
2,17,"RABBITCARD-SALE"
2,17,"นมไวตามิ้ลค์ กล่องรสงาดำ"
2,13,"AISFIBRE"
2,12,"TRUECONVERGENCE"
2,12,"น้ำด่าง PH+8.5  (Alkaline)"
2,11,"เบอร์ดี้แบล็ค น้ำตาลน้อย 180 ml."
2,9,"ชาฮิโรฉะ น้ำผึ้งมะนาว ขนาด 250ml."
2,8,"STEAMWALLET"
2,8,"ยันฮี วิตามิน วอเตอร์ ไครแซนเทมั่ม"
2,7,"ผลิตภัณฑ์นมจืด ตรา ว้าวว"
2,7,"M-Sport 250 ml."
2,6,"นมไวตามิ้ลค์ขวดสูตรออริจินอล (ทูโก)"
2,4,"เดนทีนไอซ์กลิ่นเชอรี่แผง"
2,4,"ลูกอมฮอล์ลเมนโท(แผง)"
2,3,"manualdebit"
2,3,"commission"
2,3,"เครื่องดื่ม น้ำกัญชา แบบอัดลม"
2,2,"AEON"
2,2,"GSBCASHCARD"
2,2,"น้ำดื่มดราก้อน 6.11"
2,2,"น้ำแร่ ตราเวนดิ้ง พลัส 500 มล."
2,2,"มาม่า คัพ-โจ๊กหมู"
2,2,"มาม่า คัพ-โจ๊กไก่"
2,2,"น้ำดื่มเอสเทอร์บันนี่ 300 มล."
2,2,"เอส PET 490มล."
2,1,"SABUYWASH"
2,1,"อควา วิตซ์ กลิ่นน้ำผึ้งเลมอน 320"
3,90593,"debit"
3,81279,"topup"
3,50875,"fee"
3,40421,"credit"
3,31371,"manualtopup"
3,27289,"transferin"
3,20251,"transferout"
3,9393,"debit_rev"
3,8414,"topupfee"
3,4134,"dvcashin"
3,3357,"manualtopup_rev"
3,2195,"AIS"
3,2165,"TRUE"
3,2162,"TMNTOPUP"
3,2116,"DTAC"
3,2076,"payrolltopup"
3,1910,"KBANKDEPOSIT"
3,1785,"topup_rev"
3,1761,"SCBDEPOSIT"
3,1709,"AISPROSERM"
3,1695,"KTBDEPOSIT"
3,1691,"dvcashin_rev"
3,1660,"M-150 น้ำผึ้ง 150 มล."
3,1622,"DTACPROSERM"
3,1298,"TRUEPROSERM"
3,1281,"MYCAT"
3,1234,"คาราบาวแดง"
3,1225,"GSBDEPOSITONLINE"
3,1185,"GSBDEPOSIT"
3,1070,"PEA"
3,1019,"เป๊ปซี่ สลิม 245 มล."
3,1010,"AIRPAYWALLET"
3,1009,"น้ำดื่ม อุลตร้าแมน ขนาด 500ml."
3,976,"BAACDEPOSIT"
3,920,"โค้ก-สลิม"
3,828,"TMNEPIN"
3,683,"BAYDEPOSIT"
3,651,"เมจิกฟาร์ม มะพร้าว"
3,629,"น้ำแร่ อุลตร้าแมน ขนาด 500 มล."
3,618,"บิ๊กกรีนที น้ำผึ้งผสมมะนาว"
3,596,"เอ็ม-150"
3,594,"เครื่องดื่มเจลลี่รสสตรอเบอร์รี่6.11"
3,540,"เอส-โคล่า"
3,528,"เนสกาแฟ เอสเปรสโซ"
3,499,"APLAY"
3,494,"เนสกาแฟ ลาเต้"
3,473,"TRUEPOSTPAID"
3,471,"บิ๊กกรีนที"
3,462,"เอส เพลย์ เกรปเบอร์รี่ 250 มล."
3,454,"แฟนต้า แดง 245 มล."
3,450,"สิงห์ เลมอนโซดา 330 มล."
3,447,"เอส เพลย์ ครีมโซดา"
3,433,"ชเวปส์"
3,413,"โวลต์ กาแฟอีนและซิงค์ 215 มล."
3,392,"UFC- เฉาก๊วย"
3,387,"เบอร์ดี้โรบัสต้า 180 มล."
3,384,"บิ๊กโคล่า-น้ำดำ"
3,381,"AISBILL"
3,309,"611 น้ำเกลือแร่(Six.Eleven)"
3,299,"611 น้ำวิตามินซี (Six.Eleven)"
3,293,"เอส เพลย์ สตรอเบอร์รี่ 250 มล. (กระป๋อง)"
3,284,"ปาปริก้า"
3,283,"มาม่า คัพ ต้มยำกุ้ง"
3,282,"ซีวิท-ออเร้นจ์"
3,271,"เบอร์ดี้เอสเปรสโซ"
3,265,"มาม่า คัพ หมูสับ"
3,256,"โค้ก-ซีโร่ 245ml. (1x12)"
3,249,"ฮานามิ"
3,246,"เทสโต แผ่นหยัก ปูผัดผงกระหรี่"
3,243,"ปาร์ตี้ คาราเมล"
3,237,"คอนเน่"
3,236,"ซีวิท-เลมอน"
3,232,"มาม่า คัพ ต้มยำกุ้งน้ำข้น 60 กรัม"
3,226,"อิชิตัน เย็นเย็น จับเลี้ยง 275ml."
3,215,"สแน็คแจ๊ค"
3,213,"นิสชิน พรีเมี่ยมคัพ รสไก่เผ็ดเกาหลี"
3,205,"DTACPOSTPAIDONLINE"
3,202,"น้ำดื่มเวนดิ้งพลัส อัลคาไลน์วอเตอร์"
3,198,"3BBONLINE"
3,189,"เทสโต แผ่นเรียบ รสสาหร่ายญี่ปุ่น 52 กรัม"
3,189,"เลย์ รสมันฝรั่งแท้ออริจินัลแผ่นหยัก"
3,184,"เจเล่ บิวตี้ วิตามิน เอ.ซี.อี. 150 กรัม"
3,183,"โค้ก (ขวด)"
3,172,"611 เอ็มจอย 300ml. องุ่น"
3,170,"โดโซะรสคอร์นชีส 56g (10ชิ้น)"
3,168,"เขาช่อง ถั่วลิสงอบเกลือ 42 กรัม"
3,164,"RABBITLINEPAY"
3,163,"เลย์ รสโนริสาหร่าย"
3,156,"เจเล่ บิวตี้ แบล็คเคอเรนท์ 150 กรัม"
3,154,"เลย์ รสเอ๊กซ์ตร้า บาร์บีคิว"
3,150,"พริงเกิลส์-ดั้งเดิม"
3,142,"พริงเกิลส์-ซาวครีม"
3,140,"โดโซะรสกลมกล่อม 56g (10ชิ้น)"
3,129,"เครื่องดื่มกัญชง ตรา คามูซี"
3,117,"ลูกอมรสมะนาวผสมเกลือหิมาลัย"
3,110,"611 เอ็มจอย300ml ลิ้นจี่"
3,107,"นมไวตามิ้ลค์ กล่องสูตรออริจินอล 300 มล."
3,106,"PWA"
3,101,"นมถั่วเหลืองแลตตาซอย รสหวาน250มล."
3,98,"SBMTOPUPWALLET"
3,96,"โฟร์โมสต์ นมยูเอชที รสช็อกโกแลต 225 มล."
3,91,"ลิปตัน ไอซ์ที"
3,91,"เขาช่อง ถั่วลิสงเคลือบรสกาแฟ 30 กรัม"
3,88,"โคอะล่ามาร์ช-ช๊อกโกแล็ต"
3,88,"นมไวตามิ้ลค์ขวดสูตรออริจินอล (ทูโก)"
3,86,"TRUECONVERGENCE"
3,86,"TRIPLETBB"
3,85,"ยูนิฟ น้ำผักผสมผลไม้รวม แครอทม่วง"
3,83,"โฟร์โมสต์ โอเมก้าโยเกิร์ต รสผลไม้"
3,82,"โคอะล่ามาร์ช-สตรอเบอร์รี"
3,80,"น้ำดื่มดราก้อน 6.11"
3,79,"โฟร์โมสต์ยูเอที225มล.รสหวาน"
3,78,"ลูกอมฮอล์น้ำผึ้ง(แผง)"
3,74,"ทาโร่โรล 2ม. รสเข้มข้น"
3,68,"น้ำแร่มองต์เฟลอ"
3,61,"ยูนิฟ น้ำผักผสมผลไม้รวมผักใบเขียว"
3,60,"โฟร์โมสต์ โอเมก้าโยเกิร์ต รสส้ม"
3,60,"TMHMOBILE"
3,57,"โฟร์โมสต์ นมยูเอชที รสจืด 225 มล."
3,56,"TOLCVG"
3,55,"ชาฮิโรฉะ น้ำผึ้งมะนาว ขนาด 250ml."
3,54,"ยันฮี วิตามิน วอเตอร์ ไครแซนเทมั่ม"
3,54,"SBMDIPCHIP"
3,54,"BBLKYCDIPCHIP"
3,52,"นมไวตามิ้ลค์ กล่องรสงาดำ"
3,52,"credit_rev"
3,50,"MEA"
3,46,"มิลค์โก้ (ซอง) รสหวาน"
3,46,"เอส PET 490มล."
3,45,"TRUEONLINE"
3,43,"xferin"
3,43,"xferout"
3,40,"น้ำด่าง PH+8.5  (Alkaline)"
3,39,"STEAMWALLET"
3,37,"ทาโร่โรล 2ม. รสบาร์บีคิว"
3,36,"ยันฮี น้ำกัญชา กลิ่นลาเวนเดอร์มิกเบอรี่"
3,36,"นมไวตามิ้ลค์ ทูโก สูตรชาไทย 300ml"
3,33,"FOODCOURT_TOPUP"
3,31,"เป๊ปซี่ แมกซ์ 245 มล."
3,30,"หน้ากากทางการแพทย์ ดั๊บเบิ้ล เอ"
3,30,"ยูนิฟ-แครอทม่วง(กระป๋อง)"
3,30,"GETFRIEND"
3,26,"611 HONEY LYCHEE 320ml (ลิ้นจี่)"
3,25,"AISFIBRE"
3,24,"RABBITCARD-TOPUP"
3,20,"manualcredit"
3,20,"manualdebit"
3,19,"น้ำดื่มเอสเทอร์บันนี่ 300 มล."
3,18,"เครื่องดื่ม น้ำกัญชา แบบอัดลม"
3,18,"น้ำกัญชากลิ่นมิกซ์เบอรี่ ตราเมจิกฟาร์ม"
3,18,"น้ำกัญชากลิ่นสับปะรด ตราเมจิกฟาร์ม"
3,16,"ผลิตภัณฑ์นมจืด ตรา ว้าวว"
3,12,"โซฟีคูลลิ่งสลิมมีปีก 23ซม.4ชิ้น"
3,12,"ชุดตรวจ Singclean ATK"
3,12,"หน้ากากผ้าสีดำ+สายคล้องสีแดง N Lux"
3,11,"น้ำแร่ โดเรม่อน 500ml."
3,10,"เบอร์ดี้แบล็ค น้ำตาลน้อย 180 ml."
3,9,"PENGUIN"
3,9,"CIMBDEPOSIT"
3,8,"หน้ากาก Triple Mask สีน้ำเงิน มีสายคล้อง"
3,8,"หน้ากากดั๊บเบิ้ลเอ 3D"
3,8,"หน้ากากสายคล้องคอสีน้ำตาล Mask Drop"
3,8,"หน้ากากผ้า N Lux"
3,7,"RABBITCARD-SALE"
3,7,"RABBITCARD-REGISTER"
3,5,NULL
3,5,"มิรินด้า รสส้ม 245ml."
3,5,"มาม่า คัพ-โจ๊กไก่"
3,5,"MPAYWALLET"
3,5,"มาม่า คัพ-โจ๊กหมู"
3,4,"โซฟีคูลลิ่งเฟรชกลางคืน 29ซม.5ชิ้น"
3,2,"อควา วิตซ์ กลิ่นน้ำผึ้งเลมอน 320"
3,2,"หน้ากากสายคล้องคอสีชมพู Mask Drop"
3,2,"หน้ากาก Triple Mask สีดำแบบมีสายคล้อง"
3,2,"กาแฟเพรียวกระป๋อง สูตรออริจินัล"
3,2,"MISTINE"
3,1,"commission"
3,1,"BAACLOTTO"
4,153174,"debit"
4,140151,"topup"
4,109464,"credit"
4,62787,"topupfee"
4,53889,"dvcashin"
4,48195,"topup_rev"
4,48021,"fee"
4,35417,"transferout"
4,28046,"transferin"
4,21684,"debit_rev"
4,18758,"manualtopup"
4,3372,"credit_rev"
4,3308,"commission"
4,2611,"AIS"
4,2594,"TRUE"
4,2589,"DTAC"
4,2531,"TMNTOPUP"
4,2355,"KBANKDEPOSIT"
4,2211,"payrolltopup"
4,2165,"KTBDEPOSIT"
4,2133,"SCBDEPOSIT"
4,2054,"AISPROSERM"
4,2004,"M-150 น้ำผึ้ง 150 มล."
4,1712,"dvcashin_rev"
4,1688,"TRUEPROSERM"
4,1602,"DTACPROSERM"
4,1598,"GSBDEPOSITONLINE"
4,1416,"คาราบาวแดง"
4,1390,"MYCAT"
4,1182,"PEA"
4,1048,"น้ำดื่ม อุลตร้าแมน ขนาด 500ml."
4,1040,"เป๊ปซี่ สลิม 245 มล."
4,1038,"GSBDEPOSIT"
4,1026,"โค้ก-สลิม"
4,1021,"AIRPAYWALLET"
4,969,"TMNEPIN"
4,916,"BAACDEPOSIT"
4,890,"น้ำแร่ อุลตร้าแมน ขนาด 500 มล."
4,786,"บิ๊กกรีนที น้ำผึ้งผสมมะนาว"
4,784,"AISBILL"
4,769,"BAYDEPOSIT"
4,745,"เมจิกฟาร์ม มะพร้าว"
4,717,"เอ็ม-150"
4,717,"APLAY"
4,657,"เนสกาแฟ เอสเปรสโซ"
4,652,"บิ๊กกรีนที"
4,620,"เนสกาแฟ ลาเต้"
4,603,"เอส-โคล่า"
4,585,"ชเวปส์"
4,545,"xferout"
4,545,"xferin"
4,534,"เครื่องดื่มเจลลี่รสสตรอเบอร์รี่6.11"
4,518,"บิ๊กโคล่า-น้ำดำ"
4,509,"เบอร์ดี้โรบัสต้า 180 มล."
4,500,"เอส เพลย์ ครีมโซดา"
4,484,"เทสโต แผ่นหยัก ปูผัดผงกระหรี่"
4,483,"มาม่า คัพ ต้มยำกุ้ง"
4,472,"แฟนต้า แดง 245 มล."
4,470,"UFC- เฉาก๊วย"
4,469,"มาม่า คัพ ต้มยำกุ้งน้ำข้น 60 กรัม"
4,466,"มาม่า คัพ หมูสับ"
4,461,"ปาปริก้า"
4,452,"ฮานามิ"
4,446,"โวลต์ กาแฟอีนและซิงค์ 215 มล."
4,445,"เอส เพลย์ เกรปเบอร์รี่ 250 มล."
4,445,"manualcredit"
4,441,"ซีวิท-ออเร้นจ์"
4,434,"สแน็คแจ๊ค"
4,430,"เลย์ รสมันฝรั่งแท้ออริจินัลแผ่นหยัก"
4,417,"เทสโต แผ่นเรียบ รสสาหร่ายญี่ปุ่น 52 กรัม"
4,404,"พริงเกิลส์-ซาวครีม"
4,399,"ปาร์ตี้ คาราเมล"
4,396,"ซีวิท-เลมอน"
4,393,"611 เอ็มจอย 300ml. องุ่น"
4,384,"นิสชิน พรีเมี่ยมคัพ รสไก่เผ็ดเกาหลี"
4,377,"TRUEPOSTPAID"
4,375,"สิงห์ เลมอนโซดา 330 มล."
4,374,"คอนเน่"
4,371,"เอส เพลย์ สตรอเบอร์รี่ 250 มล. (กระป๋อง)"
4,370,"611 น้ำวิตามินซี (Six.Eleven)"
4,338,"เลย์ รสโนริสาหร่าย"
4,318,"611 น้ำเกลือแร่(Six.Eleven)"
4,308,"ลิปตัน ไอซ์ที"
4,302,"เลย์ รสเอ๊กซ์ตร้า บาร์บีคิว"
4,284,"เจเล่ บิวตี้ วิตามิน เอ.ซี.อี. 150 กรัม"
4,280,"พริงเกิลส์-ดั้งเดิม"
4,271,"611 เอ็มจอย300ml ลิ้นจี่"
4,264,"โดโซะรสกลมกล่อม 56g (10ชิ้น)"
4,244,"ลูกอมรสมะนาวผสมเกลือหิมาลัย"
4,235,"โค้ก-ซีโร่ 245ml. (1x12)"
4,234,"โดโซะรสคอร์นชีส 56g (10ชิ้น)"
4,219,"3BBONLINE"
4,219,"นมไวตามิ้ลค์ กล่องสูตรออริจินอล 300 มล."
4,214,"เจเล่ บิวตี้ แบล็คเคอเรนท์ 150 กรัม"
4,192,"โคอะล่ามาร์ช-ช๊อกโกแล็ต"
4,189,"เขาช่อง ถั่วลิสงอบเกลือ 42 กรัม"
4,188,"เบอร์ดี้เอสเปรสโซ"
4,188,"DTACPOSTPAIDONLINE"
4,183,"อิชิตัน เย็นเย็น จับเลี้ยง 275ml."
4,181,"เครื่องดื่มกัญชง ตรา คามูซี"
4,167,"ลูกอมฮอล์น้ำผึ้ง(แผง)"
4,166,"เขาช่อง ถั่วลิสงเคลือบรสกาแฟ 30 กรัม"
4,160,"นมไวตามิ้ลค์ กล่องรสงาดำ"
4,158,"RABBITLINEPAY"
4,158,"โค้ก (ขวด)"
4,157,"โคอะล่ามาร์ช-สตรอเบอร์รี"
4,156,"หน้ากากทางการแพทย์ ดั๊บเบิ้ล เอ"
4,150,"โฟร์โมสต์ โอเมก้าโยเกิร์ต รสผลไม้"
4,144,"ทาโร่โรล 2ม. รสเข้มข้น"
4,136,"โฟร์โมสต์ นมยูเอชที รสช็อกโกแลต 225 มล."
4,130,"AISFIBRE"
4,128,"TRUECONVERGENCE"
4,123,"ยูนิฟ น้ำผักผสมผลไม้รวม แครอทม่วง"
4,119,"TOLCVG"
4,114,"โฟร์โมสต์ยูเอที225มล.รสหวาน"
4,109,"โฟร์โมสต์ นมยูเอชที รสจืด 225 มล."
4,96,"โฟร์โมสต์ โอเมก้าโยเกิร์ต รสส้ม"
4,96,"PENGUIN"
4,94,"TRUEONLINE"
4,93,"SBMTOPUPWALLET"
4,92,"น้ำดื่มเวนดิ้งพลัส อัลคาไลน์วอเตอร์"
4,89,"ยูนิฟ-แครอทม่วง(กระป๋อง)"
4,82,"น้ำแร่มองต์เฟลอ"
4,79,"มิลค์โก้ (ซอง) รสหวาน"
4,78,"หน้ากากผ้าสีดำ+สายคล้องสีแดง N Lux"
4,77,"manualdebit"
4,76,"FOODCOURT_TOPUP"
4,74,"ทาโร่โรล 2ม. รสบาร์บีคิว"
4,73,"ยูนิฟ น้ำผักผสมผลไม้รวมผักใบเขียว"
4,69,"TMHMOBILE"
4,67,"นมถั่วเหลืองแลตตาซอย รสหวาน250มล."
4,64,"เป๊ปซี่ แมกซ์ 245 มล."
4,64,"น้ำด่าง PH+8.5  (Alkaline)"
4,56,"นมไวตามิ้ลค์ขวดสูตรออริจินอล (ทูโก)"
4,55,"โซฟีคูลลิ่งสลิมมีปีก 23ซม.4ชิ้น"
4,52,"หน้ากากผ้า N Lux"
4,52,"หน้ากากดั๊บเบิ้ลเอ 3D"
4,52,"หน้ากากสายคล้องคอสีน้ำตาล Mask Drop"
4,52,"ชุดตรวจ Singclean ATK"
4,52,"หน้ากาก Triple Mask สีน้ำเงิน มีสายคล้อง"
4,45,"BBLKYCDIPCHIP"
4,45,"PWA"
4,38,"SBMDIPCHIP"
4,38,"MEA"
4,26,"GETFRIEND"
4,24,"RABBITCARD-TOPUP"
4,20,"เอส PET 490มล."
4,17,"เดนทีนไอซ์กลิ่นเชอรี่แผง"
4,17,"ยันฮี วิตามิน วอเตอร์ ไครแซนเทมั่ม"
4,15,"611 HONEY LYCHEE 320ml (ลิ้นจี่)"
4,15,"น้ำดื่มเอสเทอร์บันนี่ 300 มล."
4,12,"RABBITCARD-REGISTER"
4,12,"เครื่องดื่ม น้ำกัญชา แบบอัดลม"
4,11,"M-Sport 250 ml."
4,10,"RABBITCARD-SALE"
4,9,"มิรินด้า รสส้ม 245ml."
4,9,"MISTINE"
4,9,"เบอร์ดี้แบล็ค น้ำตาลน้อย 180 ml."
4,8,"ผลิตภัณฑ์นมจืด ตรา ว้าวว"
4,8,"มาม่า คัพ-โจ๊กไก่"
4,5,"ชาฮิโรฉะ น้ำผึ้งมะนาว ขนาด 250ml."
4,5,"TRIPLETBB"
4,4,"อควา วิตซ์ กลิ่นน้ำผึ้งเลมอน 320"
4,3,"CIMBDEPOSIT"
4,3,"BAACLOTTO"
4,2,NULL
4,2,"กระดาษ Cellox"
4,1,"STEAMWALLET"
4,1,"ลูกอมฮอล์ลเมนโท(แผง)"
4,1,"น้ำดื่มดราก้อน 6.11"
4,1,"ถุงยางอนามัยวันทัช สตรอเบอรี่"
4,1,"ถุงยางอนามัย เพลย์บอย รุ่นแม็ทซ์"
4,1,"ถุงยางอนามัย เพลย์บอย เฟเธอร์ไลท์"
4,1,"ถุงยางวันทัชแฮปปี้"
4,1,"manualtopup_rev"
4,1,"AISGAME"
5,47712,"debit"
5,36357,"topup"
5,29748,"credit"
5,19090,"topupfee"
5,11863,"transferin"
5,9704,"transferout"
5,4925,"dvcashin"
5,4046,"fee"
5,2903,"dvcashin_rev"
5,2864,"debit_rev"
5,2432,"M-150 น้ำผึ้ง 150 มล."
5,1814,"TRUE"
5,1798,"AIS"
5,1753,"TMNTOPUP"
5,1710,"DTAC"
5,1546,"KBANKDEPOSIT"
5,1494,"payrolltopup"
5,1482,"คาราบาวแดง"
5,1464,"เป๊ปซี่ สลิม 245 มล."
5,1399,"โค้ก-สลิม"
5,1394,"SCBDEPOSIT"
5,1364,"น้ำดื่ม อุลตร้าแมน ขนาด 500ml."
5,1329,"AISPROSERM"
5,1314,"KTBDEPOSIT"
5,1054,"บิ๊กกรีนที น้ำผึ้งผสมมะนาว"
5,1016,"DTACPROSERM"
5,1010,"TRUEPROSERM"
5,986,"เมจิกฟาร์ม มะพร้าว"
5,861,"เนสกาแฟ เอสเปรสโซ"
5,845,"MYCAT"
5,827,"เนสกาแฟ ลาเต้"
5,824,"บิ๊กกรีนที"
5,818,"GSBDEPOSIT"
5,814,"น้ำแร่ อุลตร้าแมน ขนาด 500 มล."
5,785,"GSBDEPOSITONLINE"
5,778,"PEA"
5,769,"manualtopup"
5,753,"ชเวปส์"
5,714,"topup_rev"
5,694,"เอส เพลย์ ครีมโซดา"
5,691,"เครื่องดื่มเจลลี่รสสตรอเบอร์รี่6.11"
5,674,"BAACDEPOSIT"
5,666,"AIRPAYWALLET"
5,644,"เอส-โคล่า"
5,625,"แฟนต้า แดง 245 มล."
5,611,"เอส เพลย์ เกรปเบอร์รี่ 250 มล."
5,608,"เอ็ม-150"
5,591,"เบอร์ดี้โรบัสต้า 180 มล."
5,577,"บิ๊กโคล่า-น้ำดำ"
5,571,"611 น้ำเกลือแร่(Six.Eleven)"
5,558,"UFC- เฉาก๊วย"
5,533,"ซีวิท-ออเร้นจ์"
5,525,"APLAY"
5,525,"สิงห์ เลมอนโซดา 330 มล."
5,516,"เอส เพลย์ สตรอเบอร์รี่ 250 มล. (กระป๋อง)"
5,511,"TMNEPIN"
5,509,"BAYDEPOSIT"
5,456,"โวลต์ กาแฟอีนและซิงค์ 215 มล."
5,438,"โค้ก-ซีโร่ 245ml. (1x12)"
5,399,"611 น้ำวิตามินซี (Six.Eleven)"
5,389,"ซีวิท-เลมอน"
5,373,"TRUEPOSTPAID"
5,360,"น้ำแร่มองต์เฟลอ"
5,348,"611 เอ็มจอย 300ml. องุ่น"
5,315,"อิชิตัน เย็นเย็น จับเลี้ยง 275ml."
5,276,"AISBILL"
5,270,"เบอร์ดี้เอสเปรสโซ"
5,255,"xferin"
5,255,"xferout"
5,254,"DTACPOSTPAIDONLINE"
5,253,"เทสโต แผ่นหยัก ปูผัดผงกระหรี่"
5,246,"3BBONLINE"
5,242,"ปาปริก้า"
5,242,"ฮานามิ"
5,240,"มาม่า คัพ ต้มยำกุ้ง"
5,220,"คอนเน่"
5,218,"ปาร์ตี้ คาราเมล"
5,215,"สแน็คแจ๊ค"
5,214,"เทสโต แผ่นเรียบ รสสาหร่ายญี่ปุ่น 52 กรัม"
5,213,"มาม่า คัพ ต้มยำกุ้งน้ำข้น 60 กรัม"
5,210,"611 เอ็มจอย300ml ลิ้นจี่"
5,210,"เลย์ รสมันฝรั่งแท้ออริจินัลแผ่นหยัก"
5,206,"น้ำดื่มเวนดิ้งพลัส อัลคาไลน์วอเตอร์"
5,197,"SBMTOPUPWALLET"
5,186,"มาม่า คัพ หมูสับ"
5,171,"เลย์ รสโนริสาหร่าย"
5,170,"เลย์ รสเอ๊กซ์ตร้า บาร์บีคิว"
5,170,"นิสชิน พรีเมี่ยมคัพ รสไก่เผ็ดเกาหลี"
5,163,"เครื่องดื่มกัญชง ตรา คามูซี"
5,155,"โดโซะรสคอร์นชีส 56g (10ชิ้น)"
5,151,"โค้ก (ขวด)"
5,141,"RABBITLINEPAY"
5,133,"โดโซะรสกลมกล่อม 56g (10ชิ้น)"
5,126,"ลิปตัน ไอซ์ที"
5,122,"PWA"
5,114,"เจเล่ บิวตี้ วิตามิน เอ.ซี.อี. 150 กรัม"
5,114,"พริงเกิลส์-ซาวครีม"
5,110,"เบอร์ดี้แบล็ค น้ำตาลน้อย 180 ml."
5,109,"พริงเกิลส์-ดั้งเดิม"
5,109,"FOODCOURT_TOPUP"
5,103,"เขาช่อง ถั่วลิสงอบเกลือ 42 กรัม"
5,97,"โคอะล่ามาร์ช-ช๊อกโกแล็ต"
5,97,"นมถั่วเหลืองแลตตาซอย รสหวาน250มล."
5,96,"นมไวตามิ้ลค์ กล่องสูตรออริจินอล 300 มล."
5,94,"ลูกอมรสมะนาวผสมเกลือหิมาลัย"
5,93,"เป๊ปซี่ แมกซ์ 245 มล."
5,92,"โฟร์โมสต์ นมยูเอชที รสช็อกโกแลต 225 มล."
5,88,"เจเล่ บิวตี้ แบล็คเคอเรนท์ 150 กรัม"
5,82,"โฟร์โมสต์ยูเอที225มล.รสหวาน"
5,81,"โฟร์โมสต์ นมยูเอชที รสจืด 225 มล."
5,80,"ลูกอมฮอล์น้ำผึ้ง(แผง)"
5,75,"ทาโร่โรล 2ม. รสเข้มข้น"
5,75,"โคอะล่ามาร์ช-สตรอเบอร์รี"
5,73,"นมไวตามิ้ลค์ กล่องรสงาดำ"
5,71,"TOLCVG"
5,62,"TMHMOBILE"
5,61,"SBMDIPCHIP"
5,60,"manualcredit"
5,58,"นมไวตามิ้ลค์ขวดสูตรออริจินอล (ทูโก)"
5,57,"TRIPLETBB"
5,56,"ยูนิฟ น้ำผักผสมผลไม้รวมผักใบเขียว"
5,54,"เขาช่อง ถั่วลิสงเคลือบรสกาแฟ 30 กรัม"
5,53,"PENGUIN"
5,52,"TRUECONVERGENCE"
5,51,"ยูนิฟ น้ำผักผสมผลไม้รวม แครอทม่วง"
5,43,"โฟร์โมสต์ โอเมก้าโยเกิร์ต รสผลไม้"
5,43,"manualdebit"
5,41,"TRUEONLINE"
5,39,"น้ำดื่มเอสเทอร์บันนี่ 300 มล."
5,39,"ทาโร่โรล 2ม. รสบาร์บีคิว"
5,37,"หน้ากากทางการแพทย์ ดั๊บเบิ้ล เอ"
5,37,"credit_rev"
5,36,"GETFRIEND"
5,36,"611 HONEY LYCHEE 320ml (ลิ้นจี่)"
5,34,"น้ำด่าง PH+8.5  (Alkaline)"
5,31,"โฟร์โมสต์ โอเมก้าโยเกิร์ต รสส้ม"
5,31,"BBLKYCDIPCHIP"
5,29,"ชาฮิโรฉะ น้ำผึ้งมะนาว ขนาด 250ml."
5,28,"ยูนิฟ-แครอทม่วง(กระป๋อง)"
5,22,"RABBITCARD-TOPUP"
5,20,"M-Sport 250 ml."
5,20,"RABBITCARD-REGISTER"
5,19,"เอส PET 490มล."
5,17,"RABBITCARD-SALE"
5,15,"เครื่องดื่ม น้ำกัญชา แบบอัดลม"
5,14,"MEA"
5,13,"AISFIBRE"
5,12,"น้ำดื่มดราก้อน 6.11"
5,12,"น้ำแร่ ตราเวนดิ้ง พลัส 500 มล."
5,11,"commission"
5,10,"หน้ากาก Triple Mask สีน้ำเงิน มีสายคล้อง"
5,9,"มิรินด้า รสส้ม 245ml."
5,6,"ยันฮี วิตามิน วอเตอร์ ไครแซนเทมั่ม"
5,6,"หน้ากากผ้าสีดำ+สายคล้องสีแดง N Lux"
5,6,"นมไวตามิ้ลค์ ทูโก สูตรชาไทย 300ml"
5,6,"MPAYWALLET"
5,6,"ลูกอมฮอล์ลเมนโท(แผง)"
5,6,"มิลค์โก้ (ซอง) รสหวาน"
5,5,"MISTINE"
5,4,NULL
5,4,"หน้ากากซาบีน่าเด็กแบบมีสายคล้อง สีขาว"
5,4,"หน้ากากดั๊บเบิ้ลเอ 3D"
5,4,"ถุงยางอนามัยวันทัช สตรอเบอรี่"
5,4,"หน้ากากผ้า N Lux"
5,4,"หน้ากากสายคล้องคอสีน้ำตาล Mask Drop"
5,4,"ชุดตรวจ Singclean ATK"
5,4,"โซฟีคูลลิ่งสลิมมีปีก 23ซม.4ชิ้น"
5,4,"ผลิตภัณฑ์นมจืด ตรา ว้าวว"
5,3,"BAACLOTTO"
5,3,"manualtopup_rev"
5,1,"น้ำแร่ โดเรม่อน 500ml."
6,9968349,"debit"
6,9965385,"topup"
6,9933878,"credit"
6,9903618,"dvcashin"
6,7250766,"topupfee"
6,7221753,"topup_rev"
6,2684891,"manualtopup"
6,2679928,"debit_rev"
6,2670297,"credit_rev"
6,2670296,"commission"
6,22907,"fee"
6,12430,"transferout"
6,10323,"transferin"
6,10169,"dvcashin_rev"
6,5484,"xferout"
6,5484,"xferin"
6,4768,"AIS"
6,4759,"TRUE"
6,4754,"TMNTOPUP"
6,4688,"DTAC"
6,4403,"KBANKDEPOSIT"
6,4358,"SCBDEPOSIT"
6,4267,"KTBDEPOSIT"
6,3766,"TRUEPROSERM"
6,3739,"M-150 น้ำผึ้ง 150 มล."
6,3512,"AIRPAYWALLET"
6,3107,"MYCAT"
6,3077,"manualcredit"
6,3047,"GSBDEPOSITONLINE"
6,2844,"BAACDEPOSIT"
6,2633,"PEA"
6,2540,"AISPROSERM"
6,2511,"DTACPROSERM"
6,2502,"TMNEPIN"
6,2494,"คาราบาวแดง"
6,2176,"น้ำดื่ม อุลตร้าแมน ขนาด 500ml."
6,2130,"เป๊ปซี่ สลิม 245 มล."
6,2071,"โค้ก-สลิม"
6,1902,"3BBONLINE"
6,1768,"GSBDEPOSIT"
6,1652,"บิ๊กกรีนที น้ำผึ้งผสมมะนาว"
6,1587,"เมจิกฟาร์ม มะพร้าว"
6,1577,"เอ็ม-150"
6,1344,"เนสกาแฟ เอสเปรสโซ"
6,1307,"น้ำแร่ อุลตร้าแมน ขนาด 500 มล."
6,1281,"manualdebit"
6,1206,"BAYDEPOSIT"
6,1186,"เนสกาแฟ ลาเต้"
6,1159,"บิ๊กกรีนที"
6,1147,"APLAY"
6,1075,"ชเวปส์"
6,1053,"เครื่องดื่มเจลลี่รสสตรอเบอร์รี่6.11"
6,1023,"เอส เพลย์ ครีมโซดา"
6,963,"เบอร์ดี้โรบัสต้า 180 มล."
6,918,"โวลต์ กาแฟอีนและซิงค์ 215 มล."
6,901,"บิ๊กโคล่า-น้ำดำ"
6,898,"UFC- เฉาก๊วย"
6,896,"เอส-โคล่า"
6,865,"แฟนต้า แดง 245 มล."
6,814,"เอส เพลย์ เกรปเบอร์รี่ 250 มล."
6,782,"สิงห์ เลมอนโซดา 330 มล."
6,741,"ซีวิท-ออเร้นจ์"
6,617,"AISBILL"
6,615,"ซีวิท-เลมอน"
6,610,"อิชิตัน เย็นเย็น จับเลี้ยง 275ml."
6,591,"611 น้ำวิตามินซี (Six.Eleven)"
6,564,"เอส เพลย์ สตรอเบอร์รี่ 250 มล. (กระป๋อง)"
6,548,"611 น้ำเกลือแร่(Six.Eleven)"
6,495,"611 เอ็มจอย 300ml. องุ่น"
6,442,"payrolltopup"
6,440,"เบอร์ดี้เอสเปรสโซ"
6,396,"โค้ก-ซีโร่ 245ml. (1x12)"
6,381,"RABBITLINEPAY"
6,378,"เครื่องดื่มกัญชง ตรา คามูซี"
6,346,"611 เอ็มจอย300ml ลิ้นจี่"
6,321,"TRUEPOSTPAID"
6,295,"ลิปตัน ไอซ์ที"
6,257,"CIMBDEPOSIT"
6,231,"น้ำดื่มเวนดิ้งพลัส อัลคาไลน์วอเตอร์"
6,164,"ยูนิฟ-แครอทม่วง(กระป๋อง)"
6,146,"AISFIBRE"
6,146,"มาม่า คัพ ต้มยำกุ้ง"
6,134,"ปาปริก้า"
6,129,"น้ำแร่มองต์เฟลอ"
6,125,"สแน็คแจ๊ค"
6,124,"ฮานามิ"
6,123,"เบอร์ดี้แบล็ค น้ำตาลน้อย 180 ml."
6,118,"ปาร์ตี้ คาราเมล"
6,117,"เทสโต แผ่นหยัก ปูผัดผงกระหรี่"
6,116,"DTACPOSTPAIDONLINE"
6,111,"เลย์ รสมันฝรั่งแท้ออริจินัลแผ่นหยัก"
6,108,"มาม่า คัพ ต้มยำกุ้งน้ำข้น 60 กรัม"
6,108,"คอนเน่"
6,105,"เทสโต แผ่นเรียบ รสสาหร่ายญี่ปุ่น 52 กรัม"
6,103,"เลย์ รสโนริสาหร่าย"
6,98,"เลย์ รสเอ๊กซ์ตร้า บาร์บีคิว"
6,96,"M-Sport 250 ml."
6,94,"นิสชิน พรีเมี่ยมคัพ รสไก่เผ็ดเกาหลี"
6,94,"มาม่า คัพ หมูสับ"
6,82,"SBMTOPUPWALLET"
6,75,"โดโซะรสคอร์นชีส 56g (10ชิ้น)"
6,75,"โดโซะรสกลมกล่อม 56g (10ชิ้น)"
6,71,"นมไวตามิ้ลค์ กล่องสูตรออริจินอล 300 มล."
6,71,"เขาช่อง ถั่วลิสงอบเกลือ 42 กรัม"
6,70,"611 HONEY LYCHEE 320ml (ลิ้นจี่)"
6,69,"โค้ก (ขวด)"
6,67,"เจเล่ บิวตี้ วิตามิน เอ.ซี.อี. 150 กรัม"
6,67,"พริงเกิลส์-ซาวครีม"
6,63,"เจเล่ บิวตี้ แบล็คเคอเรนท์ 150 กรัม"
6,54,"GETFRIEND"
6,53,"โฟร์โมสต์ นมยูเอชที รสช็อกโกแลต 225 มล."
6,53,"พริงเกิลส์-ดั้งเดิม"
6,52,"PWA"
6,48,"โฟร์โมสต์ยูเอที225มล.รสหวาน"
6,47,"น้ำดื่มเอสเทอร์บันนี่ 300 มล."
6,46,"ยูนิฟ น้ำผักผสมผลไม้รวมผักใบเขียว"
6,46,"นมถั่วเหลืองแลตตาซอย รสหวาน250มล."
6,45,"โฟร์โมสต์ นมยูเอชที รสจืด 225 มล."
6,45,"TRIPLETBB"
6,44,"โคอะล่ามาร์ช-ช๊อกโกแล็ต"
6,44,"ลูกอมรสมะนาวผสมเกลือหิมาลัย"
6,43,"น้ำแร่ ตราเวนดิ้ง พลัส 500 มล."
6,40,"เขาช่อง ถั่วลิสงเคลือบรสกาแฟ 30 กรัม"
6,40,"ยูนิฟ น้ำผักผสมผลไม้รวม แครอทม่วง"
6,39,"นมไวตามิ้ลค์ขวดสูตรออริจินอล (ทูโก)"
6,34,"นมไวตามิ้ลค์ กล่องรสงาดำ"
6,33,"โฟร์โมสต์ โอเมก้าโยเกิร์ต รสผลไม้"
6,32,"โฟร์โมสต์ โอเมก้าโยเกิร์ต รสส้ม"
6,30,"โคอะล่ามาร์ช-สตรอเบอร์รี"
6,26,"PENGUIN"
6,25,"เป๊ปซี่ แมกซ์ 245 มล."
6,23,"ทาโร่โรล 2ม. รสเข้มข้น"
6,19,"ลูกอมฮอล์น้ำผึ้ง(แผง)"
6,17,"น้ำด่าง PH+8.5  (Alkaline)"
6,16,"TMHMOBILE"
6,15,"ยันฮี วิตามิน วอเตอร์ ไครแซนเทมั่ม"
6,14,"TRUEONLINE"
6,14,"ทาโร่โรล 2ม. รสบาร์บีคิว"
6,12,"ผลิตภัณฑ์นมจืด ตรา ว้าวว"
6,12,"RABBITCARD-TOPUP"
6,11,"มิลค์โก้ (ซอง) รสหวาน"
6,10,"MPAYWALLET"
6,9,"SBMDIPCHIP"
6,9,"MISTINE"
6,8,"มาม่า คัพ-โจ๊กไก่"
6,8,"โซฟีคูลลิ่งสลิมมีปีก 23ซม.4ชิ้น"
6,7,"เครื่องดื่ม น้ำกัญชา แบบอัดลม"
6,6,"MEA"
6,6,"โซฟีคูลลิ่งเฟรชกลางคืน 29ซม.5ชิ้น"
6,6,"หน้ากากทางการแพทย์ ดั๊บเบิ้ล เอ"
6,6,"มาม่า คัพ-โจ๊กหมู"
6,6,"เอส PET 490มล."
6,5,"มิรินด้า รสส้ม 245ml."
6,5,"BBLKYCDIPCHIP"
6,4,"น้ำแร่ โดเรม่อน 500ml."
6,3,"หน้ากากผ้าสีดำ+สายคล้องสีแดง N Lux"
6,3,"RABBITCARD-REGISTER"
6,3,"ชาฮิโรฉะ น้ำผึ้งมะนาว ขนาด 250ml."
6,2,"ชุดตรวจ Singclean ATK"
6,2,"หน้ากาก Triple Mask สีน้ำเงิน มีสายคล้อง"
6,2,"หน้ากากผ้า N Lux"
6,2,"หน้ากากสายคล้องคอสีน้ำตาล Mask Drop"
6,2,"TRUECONVERGENCE"
6,2,"หน้ากากดั๊บเบิ้ลเอ 3D"
6,1,"TOLCVG"
6,1,"STEAMWALLET"
6,1,"RABBITCARD-SALE"
6,1,"อิชิตัน กรีนที น้ำผึ้งผสมมะนาว 275 มล."
6,1,"อควา วิตซ์ กลิ่นน้ำผึ้งเลมอน 320"
